Mes,Total_Actividades,Actividades_Realizadas,Porcentaje_Realizacion,Anio
Ene,4,3,0.6122448979591837,2025
feb,0,0,0.0,2025
mar,2,2,0.40816326530612246,2025
Abr,5,5,1.0204081632653061,2025
May,6,6,1.2244897959183674,2025
Jun,13,13,2.6530612244897958,2025
Jul,7,7,1.4285714285714286,2025
Ago,1,1,0.20408163265306123,2025
Sept,3,3,0.6122448979591837,2025
Oct,0,0,0.0,2025
Nov,1,0,0.0,2025
Dic,0,0,0.0,2025
