Trimestre,Total_Actividades,Actividades_Realizadas,Porcentaje_Realizacion,Anio
Q1,6,5,1.0204081632653061,2025
Q2,24,24,4.8979591836734695,2025
Q3,11,11,2.2448979591836733,2025
Q4,1,0,0.0,2025
